depth,dose,dose_err,fluence,fluence_err,kinetic_energy,kinetic_energy_err
0.02499999999999858,0.2392946936789981,0.0007870412719730757,0.0803789,0.000259529,57.4614,0.00290271
0.07500000000000107,0.23836937239422917,0.0007771244715754521,0.0800363,0.000256225,57.4598,0.00294155
0.125,0.23958894584755464,0.0007449920290180755,0.0804097,0.000250113,57.4572,0.00281238
0.1750000000000007,0.23849733110903723,0.000847332563113521,0.0800247,0.000273169,57.4476,0.0029821
0.22499999999999964,0.23922727741396493,0.0008234539864162835,0.0801467,0.00026931,57.3936,0.00293827
0.27500000000000036,0.23885767765507726,0.0007788270627394269,0.0799704,0.000256342,57.3191,0.00330224
0.3249999999999993,0.2403852509074758,0.0008220712920393289,0.0804284,0.000266139,57.2559,0.00314108
0.375,0.2390363968517926,0.0007729525944686938,0.0798394,0.000251596,57.1871,0.00307697
0.4250000000000007,0.24042464315645595,0.0007753187731826029,0.0802753,0.000250226,57.119,0.00306956
0.4750000000000014,0.23894545098837533,0.0007584594193741126,0.0797437,0.000253313,57.0473,0.00320953
0.5250000000000004,0.24070356142943633,0.0008087360904382586,0.0801695,0.000259469,56.9812,0.00327192
0.5750000000000011,0.24186682247314584,0.0007903010466705618,0.0804234,0.000254761,56.9166,0.00320371
0.625,0.241818177011318,0.0008023910301998429,0.0803426,0.000256003,56.8494,0.00315885
0.6749999999999989,0.24163549215195362,0.0007641197418617993,0.0801585,0.000245263,56.7761,0.00317051
0.7249999999999996,0.2423649097018615,0.0008097142872250144,0.0803998,0.000263926,56.7108,0.00336323
0.7749999999999986,0.24217799480233818,0.0008186026591089949,0.0803027,0.000260669,56.6413,0.00356378
0.8249999999999993,0.24199107990281482,0.000788770300888044,0.0801639,0.000250267,56.5733,0.00379592
0.875,0.24268110520374253,0.0007953321506846056,0.080325,0.000256755,56.5077,0.00357137
0.9250000000000007,0.24322334347661714,0.0008170639820011791,0.0804205,0.000262856,56.4395,0.00372817
0.9749999999999996,0.24273636010331875,0.0007901159824136081,0.0801407,0.000256692,56.3719,0.00361092
1.0250000000000004,0.24268877215153062,0.0007791522470766457,0.0800248,0.000248726,56.2975,0.00393229
1.0749999999999993,0.2428614106655175,0.0008030625490750752,0.0800245,0.000256976,56.2311,0.00388134
1.125,0.24253411130821925,0.0007701422615380955,0.0799307,0.00024708,56.1652,0.0035091
1.174999999999999,0.24423009303444573,0.0007876678466716193,0.0804427,0.00025601,56.0965,0.00354869
1.2250000000000014,0.24336584295447156,0.0008041279904401092,0.0800561,0.00025936,56.0258,0.00372029
1.2749999999999986,0.24533783480106913,0.0007893016996830114,0.080533,0.000253138,55.9566,0.00389567
1.325000000000001,0.2446723966085653,0.0007757470647486959,0.0801733,0.000248652,55.8849,0.00396516
1.375,0.24621239560393077,0.000895819398435414,0.0806134,0.000284584,55.8212,0.0036997
1.4250000000000007,0.2455271290981819,0.0007652671402549129,0.0803591,0.000241362,55.7505,0.0042038
1.4749999999999996,0.2463107440376262,0.0008205537651323077,0.0805402,0.000264326,55.686,0.00402053
1.5250000000000004,0.24637710279261965,0.0007973229133344085,0.0803764,0.000257355,55.6101,0.00422381
1.5749999999999993,0.24589038379683117,0.000789727347474005,0.0802385,0.000254287,55.5494,0.00408716
1.625,0.24664465283267284,0.0008434594325929882,0.0803827,0.000263099,55.4839,0.00376047
1.6750000000000007,0.24545045962030104,0.000788349940647249,0.0800209,0.000249301,55.4125,0.00390301
1.7250000000000014,0.2469346749610704,0.0008225154462560179,0.0804629,0.000260262,55.3448,0.00375108
1.7750000000000004,0.24673031114589145,0.0008578098438322049,0.0802611,0.000268828,55.2718,0.00396627
1.825000000000001,0.2489740830727012,0.0007923446848223516,0.0809213,0.000248648,55.1992,0.0041711
1.875,0.24825153933805158,0.0007638632956771634,0.0805847,0.000243609,55.1319,0.00405726
1.924999999999999,0.2469928380132559,0.0008457515856041158,0.0800436,0.000271416,55.0547,0.00442485
1.9749999999999996,0.24802708283211763,0.000852675632589287,0.0802702,0.000269576,54.9896,0.00426048
2.0249999999999986,0.24776085467961412,0.000854357073552467,0.0800963,0.00027333,54.9215,0.00441036
2.0749999999999993,0.249114996285496,0.0007877207221736062,0.0804868,0.000249341,54.8559,0.00407013
2.125,0.24985948335347008,0.0007949725972710953,0.0807379,0.000253928,54.7854,0.00435373
2.1750000000000007,0.24921889664690006,0.0007836625273961195,0.0803973,0.000245833,54.715,0.00435001
2.2249999999999996,0.24967653411659577,0.0008503358916263712,0.0803826,0.000263729,54.6469,0.00415562
2.2750000000000004,0.2494933205022115,0.000807657430197728,0.0802302,0.000252698,54.5748,0.00404132
2.3249999999999993,0.25104415897548427,0.0008430470036774911,0.0805957,0.000260938,54.505,0.00397655
2.375,0.25107614865418626,0.0007728627061153162,0.0806097,0.00024618,54.4299,0.00482545
2.424999999999999,0.25071025018043763,0.0008862119197244129,0.080427,0.000276326,54.3647,0.00476025
2.4750000000000014,0.25374266021938047,0.0008241492992674098,0.0812905,0.00025464,54.2974,0.0042938
2.5249999999999986,0.2502097835541326,0.0007875039326154603,0.0801292,0.000242757,54.223,0.00415899
2.575000000000001,0.25222777708745875,0.0007830333089224766,0.0806458,0.00024481,54.1567,0.00396678
2.625,0.25137410210788186,0.0008256694699495304,0.0804545,0.000253059,54.083,0.00425969
2.6750000000000007,0.2513006051601202,0.0008514251269672991,0.0801801,0.000262627,54.0114,0.00490611
2.7249999999999996,0.2517249310635643,0.0008232874285850251,0.0801322,0.0002565,53.9418,0.00429716
2.7750000000000004,0.25322923909508865,0.0008278823097076779,0.0806467,0.000255284,53.8761,0.00409653
2.8249999999999993,0.25214449817182955,0.0008068695852181246,0.0802244,0.000252563,53.8035,0.00427653
2.875,0.2528168101795916,0.0008121148350152149,0.0804096,0.000252873,53.7336,0.00435932
2.9250000000000007,0.25409348917506286,0.0008572282133103501,0.080515,0.000260059,53.6598,0.00446026
2.9750000000000014,0.2536956010226122,0.0007824437470753238,0.0805067,0.000245999,53.5897,0.00441153
3.0250000000000004,0.25262434335235967,0.0008578653631092911,0.0801757,0.000270466,53.5258,0.00430563
3.075000000000001,0.25412759387384437,0.0008273879237641012,0.0803843,0.000252601,53.4588,0.00420137
3.125,0.2550114078895537,0.0008180633289887295,0.0805276,0.000242613,53.3893,0.004519
3.174999999999999,0.25625292467620364,0.0007879850996835401,0.0809546,0.000250431,53.3148,0.00485153
3.2249999999999996,0.25328925278984366,0.0008495427590965692,0.0799087,0.00025746,53.2446,0.00455199
3.2749999999999986,0.25475707672499714,0.0007942719968697703,0.0803019,0.000248067,53.1729,0.0046992
3.3249999999999993,0.25625900535893215,0.0008052833201585207,0.0808015,0.000248065,53.109,0.0042192
3.375,0.25480281403421573,0.0008194962550925717,0.0801631,0.000246352,53.0377,0.00437891
3.4250000000000007,0.2564834618648661,0.000856472093631939,0.0806246,0.000261061,52.9693,0.00431567
3.4749999999999996,0.2562706379693692,0.0008102721237709751,0.0804604,0.000247982,52.892,0.00454233
3.5250000000000004,0.2553725475681235,0.0007744119583235293,0.0801574,0.00023964,52.8259,0.00426455
3.5749999999999993,0.2564126086922038,0.0008537860181310096,0.0803482,0.000263285,52.7576,0.00462781
3.625,0.25931785314886835,0.0008235332996692638,0.0812139,0.000248879,52.6909,0.00440441
3.674999999999999,0.2572237188926812,0.0007868350575153273,0.0804534,0.000229097,52.6207,0.00427418
3.7250000000000014,0.2564726223869588,0.0008007360269876563,0.0801747,0.000245742,52.5469,0.00438883
3.7749999999999986,0.2582468598561258,0.0008351500474557631,0.0806426,0.000253327,52.4737,0.00433436
3.825000000000001,0.25811282045858924,0.0008300290550883418,0.0805217,0.000251592,52.4081,0.00452581
3.875,0.2582648375268013,0.0007894418197632765,0.0804887,0.000238078,52.3356,0.00470702
3.9250000000000007,0.25972631640171634,0.0008555943602989581,0.0808688,0.000258809,52.2663,0.00457135
3.9749999999999996,0.261309408931201,0.0008658204823832047,0.0812548,0.000265171,52.1928,0.00451498
4.025,0.25993861154219333,0.0008172014583063448,0.08074,0.000249037,52.1168,0.00454701
4.074999999999999,0.2615034620234926,0.0008682289614987033,0.0810471,0.000258007,52.0454,0.00465109
4.125,0.2611727257585652,0.0008984076542576676,0.0809755,0.000271326,51.9781,0.00465854
4.175000000000001,0.2606140960800747,0.0008328473193442381,0.0806177,0.000252954,51.9083,0.00445351
4.225000000000001,0.2606360394133992,0.0008355016695439752,0.080608,0.000251299,51.8383,0.00429807
4.275,0.2607901715016907,0.0008283158888239695,0.0806017,0.000252726,51.7583,0.0048261
4.325000000000001,0.26115369057784993,0.0008184916205548226,0.0805788,0.000244493,51.6886,0.00451955
4.375,0.2612086810999162,0.0007969342783948055,0.0804703,0.000238432,51.6154,0.00444871
4.424999999999999,0.26271510415152005,0.0008679011333863851,0.0808569,0.000257908,51.5443,0.00451854
4.475,0.2634569474443948,0.0008188432426430349,0.0809694,0.000246328,51.476,0.00417123
4.524999999999999,0.2631542351955204,0.000909535303650789,0.0807172,0.000269466,51.398,0.00443038
4.574999999999999,0.2639095617414018,0.0007974154454628854,0.0808882,0.000245913,51.3253,0.00460676
4.625,0.2628853632679175,0.0008264335209532395,0.0805482,0.000244091,51.2561,0.00482843
4.675000000000001,0.2628081650350168,0.0008751371458332782,0.0803487,0.000265596,51.1857,0.00504197
4.725,0.26289091519562613,0.000871533680372878,0.0803274,0.000259572,51.1064,0.00476476
4.775,0.26413877704251454,0.000844041063114843,0.0806285,0.000249645,51.0393,0.00483316
4.824999999999999,0.2631793510589641,0.0008829468574767282,0.0802657,0.000257293,50.9676,0.00455142
4.875,0.2632428016613483,0.0008572784450372375,0.0802415,0.000251055,50.8957,0.00452214
4.924999999999999,0.2634217852355736,0.0008832112349866622,0.080115,0.000256879,50.8354,0.00434817
4.975000000000001,0.2652525994918664,0.0008707379040679767,0.0805608,0.000258449,50.7545,0.00523053
5.024999999999999,0.26698427218193405,0.0008282312880207906,0.081081,0.000245101,50.6856,0.00454296
5.074999999999999,0.2654191573231249,0.0008663386623026753,0.0804455,0.000255202,50.616,0.0043129
5.125,0.2659320496923968,0.0009305771096664349,0.0807128,0.000275218,50.5466,0.00456759
5.174999999999999,0.2664052854351786,0.0008493762012653107,0.0806476,0.000257244,50.4701,0.00475754
5.225,0.2671640488886891,0.0008435493209463657,0.0807264,0.000247038,50.3866,0.00483461
5.275,0.2678038424627294,0.0008395651518716606,0.0809018,0.000250216,50.3188,0.00447161
5.324999999999999,0.26712703603729837,0.0008221320988666136,0.0806142,0.000239934,50.2507,0.0043954
5.375,0.26811845169955084,0.0008308856382205278,0.0807442,0.000243297,50.174,0.00466624
5.425000000000001,0.26830351595650465,0.000875274622138444,0.0807145,0.000255556,50.1028,0.00469977
5.475,0.268314091056902,0.0008234222611150914,0.0806792,0.000241324,50.0263,0.00495408
5.525,0.2693583822211412,0.0008762025871983123,0.0808915,0.000255124,49.9543,0.00475366
5.574999999999999,0.2694879272010089,0.0008335082631190729,0.0807804,0.000248715,49.8816,0.00450555
5.625,0.26956195290379037,0.0009144738755363558,0.0807468,0.000270156,49.8103,0.00472134
5.675000000000001,0.2711085613369042,0.0008553987209416069,0.0811662,0.000248752,49.7381,0.00461587
5.725,0.2708283211763742,0.0008674464040692987,0.0809588,0.000249267,49.663,0.00474752
5.775,0.2706353255941224,0.0008606492582888959,0.0808567,0.000248206,49.597,0.00446109
5.824999999999999,0.2706379693692217,0.000868786798044664,0.0807137,0.000251885,49.5175,0.00462964
5.875,0.2708309649514735,0.0008556075791744548,0.0807008,0.00025251,49.446,0.00442798
5.925000000000001,0.27087855290326157,0.000811477685216274,0.0807086,0.000238701,49.369,0.00480717
5.975,0.2708494713771689,0.0008718456458346001,0.0805049,0.000248677,49.2934,0.00519138
6.025,0.27298564165743544,0.0008322286759709925,0.080998,0.000237675,49.2149,0.00463331
6.075000000000001,0.27263137579412394,0.0008367178060896715,0.0808716,0.000241746,49.1383,0.00451718
6.125,0.27207089547306385,0.0008606307518632005,0.0805613,0.000253028,49.0632,0.00444542
6.175000000000001,0.27233527298299787,0.0008401996578955022,0.0804739,0.000237746,48.9892,0.00449057
6.225000000000001,0.272787358524985,0.0008768979000494386,0.080622,0.000252853,48.9245,0.0046395
6.274999999999999,0.2737047484844559,0.0008467377137161696,0.0806996,0.000243192,48.8462,0.00449627
6.324999999999999,0.2751561810139935,0.0008743202193275822,0.0810125,0.000255755,48.7776,0.00471807
6.375,0.2740484392473701,0.0008576565048764432,0.0806889,0.000245142,48.6994,0.00439277
6.424999999999999,0.2743260356328008,0.0008166489093105828,0.0806045,0.00023696,48.6204,0.00487446
6.475,0.27342715209902524,0.0009193252028436445,0.0803206,0.000259811,48.5486,0.0045459
6.525,0.2735619846290916,0.0008904948353853434,0.0802515,0.000250739,48.4753,0.00456132
6.574999999999999,0.2743154605324034,0.0008688264546711541,0.0804012,0.000245227,48.4035,0.00472919
6.625,0.27637496133478917,0.0008731067265569853,0.080831,0.000247522,48.3247,0.0048716
6.675000000000001,0.27548400912631166,0.0009136278675045671,0.080505,0.000255326,48.2473,0.00485272
6.725,0.27698831715783606,0.0009150898751345021,0.0808074,0.000260385,48.1756,0.00457127
6.775,0.2765097938648555,0.0008154565667407805,0.0806235,0.000231079,48.0978,0.00525415
6.824999999999999,0.2774166087239291,0.0008331090530790728,0.0806538,0.000240173,48.0122,0.00498933
6.875,0.2777788059125386,0.0009382810703059112,0.080782,0.000268914,47.9484,0.00503907
6.925000000000001,0.2778924882418103,0.0009215010297504012,0.0807623,0.000257868,47.8718,0.00470198
6.975,0.2764754247885641,0.0009279677036433864,0.0802627,0.000257217,47.7926,0.004622
7.025,0.2788230970767779,0.0008840545992433516,0.080722,0.000247849,47.7228,0.00450529
7.075,0.27634852358379575,0.0008627880723442618,0.0800064,0.000246857,47.6384,0.00504406
7.125,0.2793835773978379,0.0009078723691133043,0.0808319,0.000259527,47.5727,0.00491119
7.175000000000001,0.2799255512932026,0.0008786454353901022,0.0807617,0.000247406,47.4908,0.00460149
7.2250000000000005,0.28006302759836826,0.000911449396822711,0.0806432,0.000249739,47.4114,0.0045701
7.275,0.279407371373732,0.0008994070012452181,0.080466,0.000246414,47.3337,0.00461589
7.325,0.2804516625379712,0.0008264123707524449,0.0806538,0.000234598,47.2635,0.00431649
7.375,0.28186343844101874,0.0007826763992840657,0.0810421,0.000224044,47.1901,0.00432009
7.425000000000001,0.27978278743783824,0.0008530774864043865,0.0802697,0.000239652,47.1089,0.00463082
7.4750000000000005,0.27999957699598416,0.0008521389462441209,0.0802806,0.000245964,47.0332,0.00465855
7.5249999999999995,0.2813611211721441,0.0008955999651021686,0.0804525,0.000247309,46.9493,0.00470151
7.574999999999999,0.2820643653485685,0.0009050805426084013,0.080626,0.000250365,46.8685,0.00499048
7.625,0.28132146454565404,0.0008434541450427895,0.0803477,0.00023584,46.7976,0.00454679
7.675,0.2826142705692312,0.0008642024920224086,0.0806453,0.000239512,46.7251,0.00480062
7.725,0.2837114372354572,0.0008536591169262414,0.0807298,0.000236931,46.639,0.00493641
7.7749999999999995,0.2834232657496292,0.000856091390017634,0.0804829,0.000236286,46.5684,0.00465648
7.824999999999999,0.282791403500887,0.0009145479012391374,0.0803138,0.000250236,46.4956,0.004372
7.875,0.28646096333877075,0.0008666612028647946,0.0811873,0.000244516,46.4188,0.00470706
7.925,0.28514171956420015,0.000855951269937369,0.0807541,0.000238105,46.3406,0.00476507
7.975,0.2843009990826101,0.00087937511731752,0.0803435,0.000238195,46.262,0.00490478
8.025,0.28503861233532585,0.0008479300562859719,0.0804842,0.000230624,46.1813,0.00521261
8.075,0.2844649131387691,0.0008459366498610696,0.0802457,0.000235428,46.1057,0.00473201
8.125,0.2877035376354604,0.0008803559578793752,0.080947,0.00023983,46.0247,0.00491526
8.175,0.2860643970738697,0.0009010884422083982,0.0804866,0.000249777,45.9476,0.00529417
8.225,0.28672798462380406,0.0008763532823789745,0.0805699,0.000243946,45.8693,0.00487342
8.275,0.2872091516918839,0.0009096331233294646,0.0804808,0.000248961,45.7934,0.00494321
8.325,0.28645303201347266,0.0009120019458184731,0.0803604,0.000253672,45.7157,0.0048607
8.375,0.28718271394089046,0.0009370702213104135,0.0802726,0.000260139,45.6365,0.00471777
8.425,0.2880551597236726,0.0009213450470195401,0.0804515,0.000251952,45.5564,0.00465412
8.475000000000001,0.2885892022937393,0.0009362374321541214,0.0806359,0.000255511,45.4833,0.00491433
8.525,0.28913646373930263,0.000910235904052114,0.0806223,0.000238964,45.4046,0.00465159
8.575,0.28860770871943464,0.0009035894534523737,0.0802475,0.000240812,45.321,0.00480179
8.625,0.28928451514486564,0.0008859501859895783,0.0804019,0.000241531,45.2398,0.00490977
8.675,0.2902627119316214,0.0008743625197291716,0.080613,0.000238097,45.1609,0.00493502
8.725000000000001,0.2908972179554629,0.0009582230658802317,0.0806373,0.000254456,45.0829,0.00486487
8.774999999999999,0.2901384545019524,0.0009352883168934585,0.0803644,0.00025673,45.0078,0.00457934
8.825,0.2926236030953319,0.0009282135747276251,0.0809092,0.000253166,44.9263,0.00479909
8.875,0.29087606775466823,0.0008236998575005221,0.0803312,0.000221063,44.8477,0.00460642
8.925,0.2923222127340071,0.0009421594883766428,0.0805793,0.000251933,44.7657,0.00449165
8.975,0.292531070966855,0.0008784471522576518,0.0806137,0.00023653,44.6877,0.00512079
9.024999999999999,0.29298580028394144,0.0009255592245278879,0.0804835,0.000251333,44.6053,0.00506537
9.075,0.29368111313506784,0.0008713591912163217,0.0805605,0.000229296,44.5321,0.00502051
9.125,0.2933585725729484,0.0009202822494296056,0.0803513,0.000247638,44.4445,0.00460366
9.175,0.2958992404434139,0.0008926600871917027,0.0809847,0.000242807,44.3711,0.00442966
9.225,0.29411469225135956,0.000863684312102938,0.0804324,0.000233433,44.2855,0.00438499
9.275,0.29514312076500276,0.0009186272462174187,0.0804512,0.000245086,44.204,0.00480495
9.325,0.2943684946608962,0.0009815332309311112,0.080077,0.000262886,44.1196,0.00503057
9.375,0.29689065610566645,0.0009543684417853941,0.0807609,0.000248432,44.0458,0.00472775
9.425,0.29746435530222315,0.0008312081787826473,0.0808858,0.000221111,43.9676,0.00483006
9.475,0.29820989988023694,0.0009746144714961387,0.0807786,0.000259422,43.8792,0.00471358
9.525,0.2966051283949377,0.0008906957622928932,0.0802872,0.00023634,43.8044,0.00483185
9.575,0.2981702432537469,0.000915586904853178,0.0806613,0.000237672,43.7232,0.00479562
9.625,0.29868577939811813,0.0009392566233175677,0.0807856,0.000241911,43.6482,0.00438556
9.675,0.2999072034940132,0.0008973712944187264,0.0809315,0.000239782,43.5578,0.00480708
9.725000000000001,0.2996824826105693,0.0009233384534444424,0.0806911,0.00024471,43.4803,0.00466029
9.775,0.29871750469931024,0.0009454377694998242,0.0803583,0.000247102,43.4032,0.00463511
9.825,0.2991114271891119,0.0009189603618799355,0.0804825,0.000242615,43.3173,0.00474584
9.875,0.2993202854219597,0.0009119199887903936,0.0803475,0.000237254,43.2333,0.00468166
9.925,0.3007003360238151,0.0009617921622643405,0.0806812,0.000252916,43.1585,0.00447753
9.975000000000001,0.302410858513088,0.0009071030305593963,0.0808403,0.000239889,43.0723,0.00471973
10.025,0.301189434417193,0.0009144553691106605,0.0803316,0.000236277,42.9819,0.00529633
10.075,0.3011259838148088,0.0009485045486150584,0.080329,0.000243903,42.9087,0.00495624
10.125,0.30172876453745834,0.0009516400658828755,0.0803357,0.000243623,42.8222,0.00459161
10.175,0.30294490108315464,0.0009617895184892412,0.0805358,0.000248989,42.7423,0.00444016
10.225000000000001,0.303079733613221,0.0009270450261337169,0.0803505,0.000241066,42.6494,0.00455634
10.275,0.30177635248924645,0.0009317535895856412,0.0800426,0.000242935,42.5715,0.00469549
10.325,0.3034604372275259,0.0008648475731466475,0.0804167,0.000221943,42.4947,0.00464045
10.375,0.3037380336129566,0.0009241500923999397,0.0803003,0.00023781,42.4163,0.00452251
10.425,0.3043725396367982,0.0009042847663035,0.080383,0.000231446,42.3309,0.00467797
10.475,0.30464484847203016,0.0009451760357649895,0.0802656,0.000240299,42.2524,0.00475733
10.525,0.30555959465640176,0.0009566976076479126,0.0803913,0.000239593,42.1661,0.00461314
10.575,0.30632100188501166,0.0009249062120783508,0.0805002,0.000238007,42.0876,0.00445225
10.625,0.3052899295962691,0.0010248171168575032,0.0800593,0.000260463,41.9966,0.00478196
10.675,0.30677308742699877,0.0009147594032470846,0.0803363,0.000235773,41.9151,0.0045908
10.725,0.3067043492744159,0.0008814319743448063,0.0801856,0.000231544,41.8342,0.00468908
10.775,0.3083011894344172,0.0009826013160712445,0.0804856,0.000249149,41.7491,0.00453146
10.825,0.3065827356198463,0.0008888398321731567,0.079919,0.000229145,41.6648,0.00460679
10.875,0.30819808220554296,0.0008912826803649467,0.0802118,0.000231045,41.5852,0.0044128
10.925,0.30960721433349103,0.0009084169867837683,0.0803623,0.000228794,41.4941,0.00440865
10.975,0.311605908308592,0.000890055968718853,0.0808345,0.000226964,41.4208,0.00459936
11.025,0.3104743725660746,0.0009176120365792723,0.080337,0.000232793,41.3328,0.0045556
11.075,0.3117566034892544,0.0009163430245315891,0.0805196,0.000232475,41.239,0.00487164
11.125,0.31290135810726855,0.0009046205257411163,0.0806771,0.000225781,41.154,0.0048045
11.175,0.31264491192263255,0.0009732555710950781,0.0805091,0.000238787,41.0705,0.00456257
11.225,0.3125074356174669,0.0009956932903631753,0.0803547,0.000246508,40.9815,0.00474159
11.275,0.3138557609181302,0.0010075056775070259,0.0805726,0.000257439,40.8948,0.00467827
11.325,0.31311550389031506,0.000984325057436014,0.080168,0.000241415,40.8053,0.00485671
11.375,0.313908636420117,0.0009571734871657938,0.0803471,0.000237899,40.7225,0.00467305
11.425,0.31348034485402393,0.0009456836405840628,0.0801673,0.000232337,40.636,0.00468976
11.475,0.31542351955203873,0.000944020706046578,0.0804037,0.000233966,40.5534,0.0048745
11.525,0.31424439585773317,0.0009719839152722956,0.0799342,0.000243023,40.4656,0.00446402
11.575,0.31786636774382876,0.0010010152096381465,0.0808154,0.000250375,40.3827,0.00472797
11.625,0.31730853119786806,0.0010096656417631865,0.080474,0.000251335,40.3009,0.00465559
11.675,0.3177949858161466,0.0010009306088349676,0.080492,0.000248391,40.2079,0.00450371
11.725,0.31706001633853015,0.0009755503678813051,0.0802621,0.000241671,40.1226,0.0045026
11.775,0.31808051352687533,0.0009815438060315086,0.0803912,0.000238546,40.0379,0.00470873
11.825,0.3183924789885974,0.0009001023140963445,0.0802115,0.000226537,39.9488,0.00461775
11.875,0.31961125930939305,0.0009817209389631643,0.0803421,0.000247268,39.8535,0.00484693
11.925,0.32056830589535407,0.0009809436690839583,0.0804375,0.00023999,39.7718,0.00450662
11.975,0.32007391995177753,0.0009954870759054269,0.0801489,0.000244904,39.6779,0.00486199
12.025,0.3210838420397254,0.0009328877691032579,0.0802304,0.00023506,39.5896,0.00473538
12.075,0.32071635730091713,0.0010105671690720614,0.0801291,0.00024103,39.5104,0.0044536
12.125,0.323648303886085,0.0009616890550354663,0.0805686,0.00023607,39.421,0.00495694
12.175,0.3234949649303233,0.0010041242891549703,0.0804337,0.00024203,39.3368,0.00484964
12.225,0.3241374022794629,0.0009978268168683426,0.0806348,0.000241601,39.2534,0.00478407
12.275,0.32615195890515986,0.0009737896136651447,0.0809584,0.000237485,39.167,0.0045112
12.325,0.32549630268052354,0.0009680737719003719,0.0807088,0.000236087,39.0751,0.00472007
12.375,0.3259483882225107,0.0009981784389565549,0.0805348,0.000239312,38.9836,0.00447432
12.425,0.3239232564964164,0.00104953905781143,0.0799567,0.000254117,38.8976,0.00459468
12.475,0.3252081311946955,0.0010019325995976175,0.0800331,0.000241854,38.8067,0.00485334
12.525,0.3259748259735041,0.0009912226666701916,0.0801163,0.000243064,38.7152,0.00465309
12.575,0.32758488500900207,0.0009929305453843652,0.0801896,0.000230664,38.6258,0.00467609
12.625,0.3289887295867515,0.0009464186100616793,0.0805975,0.000228988,38.5384,0.00450139
12.675,0.32862653239814194,0.0009729726871594487,0.0802895,0.000233901,38.4518,0.00466209
12.725,0.32926896974728154,0.0010555457148371302,0.0803087,0.000250146,38.3597,0.00469162
12.775,0.32940644605244723,0.0010184799879443855,0.0802346,0.000241962,38.2717,0.0046009
12.825,0.3310561617144353,0.001063291975878196,0.0804628,0.000250101,38.1807,0.00473033
12.875,0.3320766589027805,0.0010219248268988255,0.0805796,0.000243825,38.087,0.00472142
12.925,0.3298320938434409,0.0010357755646442667,0.0798862,0.000242677,37.9948,0.00470207
12.975,0.33242299344079396,0.001026699484728233,0.080255,0.000243977,37.9129,0.00436921
13.025,0.332571044846357,0.0009726263526214352,0.0801771,0.000233759,37.8247,0.00475207
13.075,0.33203435850119106,0.0010795168236628447,0.0800056,0.000255137,37.7256,0.00473657
13.125,0.3350323994638424,0.0010544617670464008,0.080492,0.000241944,37.6413,0.0046384
13.175,0.3333588898259603,0.0010209175485859769,0.0799395,0.000238795,37.5536,0.00454134
13.225,0.33645210669218795,0.0010519422493767301,0.0804641,0.00024721,37.4563,0.00465485
13.275,0.33477859705430574,0.0009852688851464783,0.0799592,0.000230177,37.3644,0.00434188
13.325,0.3344005372151002,0.0010883919766713286,0.0797484,0.000253824,37.2737,0.00475265
13.375,0.33551885408212095,0.0010393473048034751,0.079915,0.000242748,37.1853,0.00455633
13.425,0.33837677496450735,0.0009592250566428815,0.0803311,0.000226302,37.0902,0.00428643
13.475,0.33955854243391226,0.0009900329678754888,0.0805249,0.000227517,37.0019,0.00464845
13.525,0.3389821994622561,0.001036492027696188,0.0802749,0.000242178,36.91,0.00467237
13.575,0.33793526452291756,0.0010449706144397709,0.0798129,0.000245065,36.8208,0.00463666
13.625,0.3420648412280864,0.001058895377887994,0.0806371,0.000243498,36.7279,0.0046035
13.675,0.342575089822259,0.0010064323048166938,0.0804887,0.000229047,36.6282,0.0048986
13.725,0.3449518436365655,0.0010380042670530105,0.0808761,0.000239768,36.5264,0.00498148
13.775,0.34274429142861673,0.001084225387114769,0.0802538,0.000248676,36.4402,0.00473621
13.825,0.3417793135173577,0.001022979693163462,0.0798392,0.000234772,36.3512,0.00469144
13.875,0.34250899544477553,0.0010255890991865103,0.0798272,0.000235333,36.2534,0.0047434
13.925,0.343912840022525,0.0010214886040074342,0.0800789,0.000232648,36.1693,0.00492707
13.975,0.34448653921908173,0.0010123675799147119,0.0799746,0.000232109,36.0752,0.00477724
14.025,0.34333385327576954,0.001105370300359289,0.0795691,0.000252551,35.9768,0.00441887
14.075,0.3449042556847774,0.0009973747313263555,0.0797616,0.000229592,35.8832,0.00438116
14.125,0.3468897307843816,0.0010545278614238845,0.0799988,0.000236625,35.7903,0.00456185
14.175,0.34698490668795784,0.000950392204035987,0.0798592,0.000214357,35.6931,0.00450334
14.225,0.3493537291769664,0.0010639185505767397,0.0802664,0.000242777,35.5962,0.00467151
14.275,0.3482671376111377,0.001066348179893033,0.07981,0.00024148,35.5008,0.00477452
14.325,0.3497079950402779,0.00104677631283262,0.0799895,0.00023439,35.4098,0.0047344
14.375,0.34951764323312545,0.001074253067440059,0.0797177,0.000244129,35.3108,0.00431763
14.425,0.3526558042760418,0.0009976814092378789,0.0802587,0.000226603,35.2224,0.00462108
14.475,0.3507417111041198,0.0010415971574130132,0.0797217,0.000230649,35.1256,0.00447563
14.525,0.352967769737764,0.0010227364658543228,0.0800105,0.000227728,35.0246,0.00454181
14.575,0.35207152997908775,0.001055738710419382,0.0795963,0.000230558,34.936,0.00436357
14.625,0.35304972676584345,0.0010275930807118099,0.079671,0.00022447,34.8365,0.00458726
14.675,0.3557966090940576,0.0010659886264795225,0.0800461,0.000233833,34.7419,0.00480461
14.725,0.35588385367233577,0.001072463231697806,0.0799606,0.000233117,34.6392,0.00470263
14.775,0.3581971568842582,0.0010588160646350137,0.080322,0.000238753,34.5381,0.00477929
14.825,0.35503520186544774,0.0010550566164437523,0.0794223,0.0002348,34.4393,0.00453942
14.875,0.35710263399313147,0.0010656343606162111,0.0797735,0.000236242,34.3497,0.00460538
14.925,0.3587734998559143,0.001076804310410922,0.0798696,0.000232896,34.2457,0.00460287
14.975,0.3581522127075694,0.0010171871819208084,0.0795364,0.000222773,34.1468,0.00481428
15.025,0.3599631986506172,0.0009831327148662116,0.0798395,0.000216706,34.0479,0.00467641
15.075,0.36158647656161186,0.0010464088280938116,0.0799686,0.000228604,33.9462,0.00471981
15.125,0.3622130512601554,0.0010535655272877248,0.0798908,0.000226145,33.8489,0.00483871
15.175,0.36232144603922833,0.0010236987999904822,0.0795978,0.000220583,33.7469,0.00497331
15.225,0.3642937022633359,0.0011219652766578452,0.0799384,0.000241723,33.6503,0.00514371
15.275,0.3630696343923415,0.0010741340975605885,0.0794951,0.000234252,33.5587,0.00488176
15.325,0.3672362239489011,0.001095770752973586,0.0802279,0.0002343,33.455,0.00462972
15.375,0.36536178740346914,0.001123300383083012,0.0796981,0.000239237,33.3598,0.00486987
15.425,0.36682643880850346,0.001058593987526669,0.0796994,0.000228823,33.2558,0.00476027
15.475,0.3682963777637364,0.0011029512461433932,0.0798306,0.000240561,33.1578,0.00459645
15.525,0.3687696135065182,0.0010774097349086707,0.079724,0.000225938,33.0579,0.00512347
15.575,0.37052508017247987,0.0011152474441304227,0.0799887,0.000240241,32.9478,0.00468381
15.625,0.3702554151123472,0.0011225336883042033,0.0797377,0.000237263,32.8529,0.00460318
15.675,0.3709903845899637,0.0011618994995333735,0.079611,0.000242017,32.7542,0.00478432
15.725,0.3712547620998977,0.001039067064642945,0.0795527,0.000227087,32.656,0.00504341
15.775,0.3719289247502293,0.0011354273794636838,0.0794912,0.000236902,32.5532,0.00455879
15.825,0.3745515496487745,0.001127244895531227,0.0798352,0.000232672,32.4452,0.00486172
15.875,0.37558526571261636,0.0010608517714615052,0.0798052,0.000225756,32.3416,0.00482863
15.925,0.37586286209804703,0.0011014072814853786,0.0796631,0.000231764,32.251,0.00479696
15.975,0.3765766813748688,0.001083836752175166,0.0796377,0.000223825,32.1417,0.0050655
16.025,0.3785595126993737,0.001056034813230508,0.0798258,0.000219329,32.0426,0.00503344
16.075,0.3798576062731496,0.0010707421341081358,0.0798551,0.000222894,31.9359,0.00440383
16.125,0.38137777695527,0.0011658704497325822,0.079898,0.00024028,31.8362,0.00467679
16.175,0.3788714781610958,0.0011293255465344074,0.0792747,0.000229618,31.7304,0.00476848
16.225,0.38225022273805215,0.0011500765372891258,0.0798567,0.000233388,31.6347,0.00455447
16.275,0.38251724402308546,0.0011267161405113589,0.0795443,0.000233162,31.5232,0.00488549
16.325,0.3830301363923574,0.0011392053340806404,0.0795762,0.00023454,31.4201,0.00492279
16.375,0.38424362916295435,0.001140151805566204,0.0796456,0.000235794,31.3219,0.00468488
16.425,0.3838840757494441,0.001148971439297602,0.0792556,0.000235066,31.2086,0.00441386
16.475,0.3843837492432194,0.0011632954127858252,0.0792509,0.000238634,31.1122,0.00483845
16.525,0.38632163639103545,0.001155157873030057,0.0794165,0.000237955,31.0049,0.00471912
16.575,0.3868213098848107,0.0011296031429198381,0.0792731,0.000229876,30.8942,0.00477748
16.625,0.38849746329779217,0.0011245746826808937,0.0793477,0.000228525,30.7886,0.00516511
16.675,0.39000177132931657,0.0012275550103503796,0.0794065,0.000243821,30.6856,0.00465569
16.725,0.39119675767421813,0.0012234412962958067,0.079273,0.000240518,30.5726,0.00477494
16.775,0.3916673496419007,0.0012291703569360763,0.0792361,0.000238444,30.4692,0.00478864
16.825,0.3937691508458758,0.0011648711027450315,0.0794538,0.000228965,30.3599,0.00480086
16.875,0.39265612152905377,0.0011353745039616968,0.0789936,0.000231381,30.252,0.0045522
16.925,0.39605337253170547,0.001148326358173363,0.0794546,0.000226459,30.1496,0.00450065
16.975,0.3962860247404474,0.0011744045557532511,0.079278,0.000231996,30.0403,0.00497397
17.025,0.39665879702945434,0.0011764587690054381,0.079137,0.000232124,29.9361,0.00498343
17.075,0.3983164440167404,0.0011974767810451902,0.0792464,0.000233477,29.8244,0.00472743
17.125,0.4006508974294575,0.001182478644906635,0.0794657,0.000228493,29.718,0.00513647
17.175,0.4018458837743591,0.0012139104870626865,0.0794091,0.000233777,29.603,0.00507746
17.225,0.4029853508421746,0.0011726041449106007,0.0793955,0.000226032,29.4867,0.00469231
17.275,0.4029166126895917,0.0011297564818755997,0.0791187,0.000222448,29.3722,0.00508782
17.325,0.4040322857815131,0.0011903570947026678,0.0792049,0.000230083,29.2689,0.00490127
17.375,0.4061261556601903,0.0011462774324713745,0.0793628,0.000219402,29.161,0.0048456
17.425,0.4063059323669454,0.0011646516694117865,0.0791244,0.000224365,29.0534,0.00522347
17.475,0.4069721636919791,0.0012299608456907787,0.0789311,0.000236521,28.9388,0.00486296
17.525,0.4096265138917163,0.001225971389065875,0.0792141,0.000234369,28.8279,0.00468364
17.575,0.4116410705174132,0.0012951907087167909,0.079437,0.000248482,28.7204,0.00488787
17.625,0.41223063236456603,0.0012853029898452597,0.0792436,0.000246842,28.5963,0.00503594
17.675,0.41190809180244653,0.0011636285284483418,0.0789357,0.000217684,28.4915,0.00469938
17.725,0.41241040907132115,0.0012419715159670797,0.0787971,0.000234887,28.3752,0.00510185
17.775,0.41555650143953554,0.001233455916372106,0.0791559,0.000230023,28.2627,0.00485761
17.825,0.41573892192138995,0.0011366858164109696,0.0788806,0.00021365,28.1526,0.00508214
17.875,0.41635227774443684,0.0012126732003161953,0.0787709,0.00022526,28.043,0.00488702
17.925,0.41813418216139187,0.0012899375275944025,0.0788347,0.000240273,27.9268,0.0050237
17.975,0.42222674601516996,0.0012475207999005941,0.0793543,0.000232849,27.8109,0.00496292
18.025,0.4197944729237773,0.0012955000304034135,0.0785191,0.000238406,27.692,0.00487805
18.075,0.4243576287452379,0.001213984512765468,0.0792062,0.000228228,27.5888,0.00474498
18.125,0.42292205886629636,0.001297337454097455,0.0786691,0.000240154,27.4622,0.00512027
18.175,0.42472775725914547,0.0012548704946767587,0.0787571,0.000226469,27.3455,0.00500702
18.225,0.4279875319566315,0.001285038612335326,0.0790459,0.00023345,27.2349,0.00497102
18.275,0.4306947576583555,0.0012747860525000859,0.0792331,0.000229757,27.1146,0.00509216
18.325,0.4292221749280232,0.0013406821468511317,0.0787687,0.000242345,26.9958,0.00521331
18.375,0.43322749420352313,0.001209067091080696,0.0791585,0.000220721,26.8814,0.00535909
18.425,0.4312182251280248,0.0012607185251964986,0.0785267,0.00022444,26.7554,0.00492001
18.475,0.43330945123160264,0.0012993731609239466,0.0785817,0.000227064,26.6391,0.00512162
18.525,0.43618587853968444,0.0012728058649506804,0.0787626,0.000227031,26.517,0.00506915
18.575,0.4369049853667048,0.001298410826787787,0.0786949,0.000233734,26.4047,0.00507862
18.625,0.4383484865709444,0.0012297229059318382,0.0786451,0.000217531,26.2849,0.00486543
18.675,0.43973118094789915,0.0012952647344195722,0.0785503,0.000226438,26.1608,0.00528623
18.725,0.440897085766708,0.0013109185267827638,0.0785535,0.00022939,26.0441,0.00510042
18.775,0.4433320026332,0.001354937382186772,0.0787061,0.000236854,25.9245,0.00517233
18.825,0.44442916929942605,0.0012840551279983713,0.0785311,0.000227189,25.7962,0.00551987
18.875,0.4440563970104191,0.0012779321448683004,0.0782689,0.000226251,25.6743,0.00520335
18.925,0.44705972552326917,0.0012931312079144052,0.0784549,0.000221006,25.5536,0.00521737
18.975,0.45314040825175084,0.0013318730882201312,0.0791522,0.000228072,25.4434,0.00513428
19.025,0.4516413877704252,0.00133327957657298,0.0785673,0.000231395,25.317,0.00467483
19.075,0.4514933363648621,0.0013563359392143228,0.0782584,0.000230361,25.1951,0.00526981
19.125,0.45376433917519504,0.001323264956496681,0.0782957,0.000225525,25.0643,0.00519551
19.175,0.4556810761222164,0.0013722170962360573,0.0782967,0.000231956,24.943,0.00518487
19.225,0.4563050070456606,0.0013738641681229462,0.0780098,0.00023408,24.8045,0.00491
19.275,0.45908625845016615,0.0014313477701078925,0.0782185,0.000239055,24.6828,0.00482922
19.325,0.46199441105944,0.0013751596179216227,0.0783758,0.000231412,24.554,0.00520033
19.375,0.46467784278526997,0.0013957784199213742,0.0785156,0.000229181,24.4424,0.0054207
19.425,0.46451657250421025,0.0013130546970630303,0.0781526,0.000217712,24.3052,0.0050571
19.475,0.4651537223031511,0.001353147546444519,0.0779578,0.00022233,24.1736,0.00526965
19.525,0.46666331788487414,0.0013592943235504842,0.0778848,0.000224008,24.0492,0.00488519
19.575,0.47072944398765887,0.0014462798118689637,0.0782568,0.000240045,23.9233,0.00530751
19.625,0.4750070720983907,0.0014555277371664547,0.078544,0.000237096,23.7992,0.00518068
19.675,0.4762945905717692,0.0014146999183073496,0.0784672,0.000227432,23.658,0.00561752
19.725,0.47707450422607445,0.0014096741018435042,0.0781702,0.000226071,23.5327,0.00522443
19.775,0.4801518584417061,0.0014079212789526421,0.07838,0.000226984,23.3958,0.00553037
19.825,0.48170904197521724,0.0013782158219364596,0.0782571,0.000220097,23.2667,0.0055559
19.875,0.48149753996727007,0.0014062900697163494,0.0778589,0.000223841,23.1281,0.00502254
19.925,0.4835306030186624,0.001444336637170949,0.0778246,0.000225081,22.9933,0.00535375
19.975,0.48568527972462433,0.0014626447797338774,0.0777791,0.00022752,22.8686,0.00525672
20.025,0.48903229900038864,0.0014756521532226297,0.0779197,0.000231591,22.7425,0.00495102
20.075,0.49233437409946407,0.0014820210074369393,0.0780773,0.000235415,22.5977,0.00530904
20.125,0.49206735281443076,0.0014421158660875037,0.0776461,0.000224218,22.4623,0.00542084
20.175,0.49421674197019405,0.0015103860704777567,0.0776651,0.00023524,22.3353,0.0053204
20.225,0.4961017536160234,0.00152174637207962,0.0774292,0.000234194,22.1855,0.00560568
20.275,0.5009425058229147,0.0014300866893855073,0.077874,0.00021881,22.0547,0.00570559
20.325,0.5008367548189411,0.0014189563962172867,0.0773943,0.000218156,21.9121,0.00572132
20.375,0.5051989837328519,0.0014278632745269625,0.0776585,0.000221176,21.777,0.00543117
20.425,0.5085037026070266,0.0014779733877598499,0.0777123,0.000222754,21.6308,0.00556833
20.475,0.5105711347347104,0.0014599454853574515,0.077716,0.000219582,21.4942,0.00573705
20.525,0.5140476989903423,0.001457933572506854,0.0777353,0.000219544,21.3492,0.00558712
20.575,0.5149545138494158,0.001506724441965171,0.0774352,0.000226493,21.217,0.00556016
20.625,0.5189809833257104,0.0014301792215139842,0.0776103,0.000211206,21.07,0.00575775
20.675,0.5185500479845181,0.001537989726289964,0.0771549,0.000228094,20.9202,0.0056312
20.725,0.523700121878032,0.0014413412399833971,0.0774444,0.000208624,20.7793,0.00567569
20.775,0.5229017017980314,0.001420788532361129,0.0768592,0.000204148,20.6294,0.00556891
20.825,0.5264681544070409,0.0015435522290989752,0.076938,0.000223657,20.4836,0.00572951
20.875,0.5308885463731371,0.0015473434025914284,0.0771334,0.000221263,20.3346,0.00581458
20.925,0.5351080114316836,0.001467736690575206,0.0772663,0.000209482,20.1935,0.00574499
20.975,0.5373975206677118,0.001482065951613628,0.0771916,0.000212085,20.046,0.00611418
21.025,0.5377755805069174,0.001616475477664066,0.0767237,0.000229538,19.8892,0.00627022
21.075,0.546103472069838,0.0015401391154457272,0.0773818,0.000216082,19.7368,0.00566281
21.125,0.5473434025914283,0.001611481386501413,0.0770729,0.000223362,19.5895,0.00592706
21.175,0.5509838809032194,0.0015661485748730327,0.077097,0.00021256,19.4291,0.00612797
21.225,0.5514571166460012,0.0016411366117907082,0.0767129,0.000223736,19.2846,0.0062036
21.275,0.5591663648356762,0.0016700013483253006,0.0771712,0.00022642,19.1284,0.00584682
21.325,0.5573606664428271,0.0015131170901553745,0.0763943,0.000207217,18.9775,0.00581448
21.375,0.5679384106152858,0.0016612530965215851,0.0772518,0.000224509,18.8148,0.00584906
21.425,0.5701829756746253,0.001717932990876332,0.0770066,0.000228577,18.6571,0.00599133
21.475,0.5692127102131677,0.001642622413396537,0.0763669,0.000216933,18.5,0.00599857
21.525,0.575586851977676,0.0016536072989342943,0.0766399,0.000220185,18.3445,0.00567681
21.575,0.5765148170375443,0.001730977377216475,0.0761533,0.000223072,18.1729,0.00606695
21.625,0.5815908652282767,0.0017083281559404303,0.0761974,0.000219448,18.0025,0.00623378
21.675,0.5841262455485436,0.0017897009097230117,0.0759655,0.0002285,17.8507,0.00633838
21.725,0.5909498290799399,0.0017654284105359725,0.0762474,0.000221565,17.6811,0.00664288
21.775,0.598730459197297,0.0017234056053319657,0.0765815,0.000217704,17.518,0.00608561
21.825,0.6025533579909425,0.0016866148310495524,0.0763862,0.00021041,17.3371,0.00587649
21.875,0.6056915190338589,0.0016518809137944252,0.0760701,0.000202179,17.1605,0.00655711
21.925,0.6067886857000849,0.0018683717253540676,0.0756189,0.000228533,16.9987,0.00661171
21.975,0.6169672198325433,0.0018207864173410498,0.0761469,0.000219331,16.8197,0.00656927
22.025,0.6224979973403623,0.0017463667920697321,0.0761905,0.000208484,16.6579,0.00601469
22.075,0.626828500953081,0.00169247079289459,0.0759778,0.00020307,16.4816,0.00624593
22.125,0.6346778692230209,0.0018148194169418396,0.0761256,0.000212222,16.3099,0.00657302
22.175,0.6423210230352124,0.0018868543570735525,0.0762063,0.000217646,16.1121,0.00639534
22.225,0.6473732772500509,0.0019280893172979562,0.0760173,0.000224081,15.9243,0.00703602
22.275,0.6527612909025056,0.0018392849117111307,0.0759002,0.000210517,15.7485,0.00686977
22.325,0.6569199491337672,0.001839795160305303,0.0755266,0.000207739,15.5661,0.00714146
22.375,0.6658823467205292,0.0018917559161077287,0.075691,0.000210024,15.3737,0.0069763
22.425,0.6712121973207983,0.0018839065478377885,0.0755065,0.000211938,15.2076,0.00677288
22.475,0.6793893937030565,0.001914452725335561,0.0753587,0.000211974,14.9971,0.00711992
22.525,0.6937979679944587,0.002009784611642657,0.0760241,0.000212622,14.809,0.00724226
22.575,0.6962672539372421,0.0020418483160474506,0.0752411,0.00021454,14.6043,0.00765877
22.625,0.7042117981107584,0.0020591809055987226,0.0751408,0.000215058,14.4157,0.00759044
22.675,0.7122171491115594,0.002088896937715303,0.0749464,0.000213951,14.2158,0.00781782
22.725,0.7245873728013705,0.0020779860778803267,0.0752305,0.000214657,14.0299,0.00723664
22.775,0.7303772402689248,0.0020252771337247884,0.0746457,0.000204947,13.8122,0.00755044
22.825,0.7403257659677407,0.0023351196440421205,0.0745234,0.000227996,13.6116,0.00775778
22.875,0.7508241968872192,0.0022297414123575335,0.0743578,0.000222897,13.4041,0.00787599
22.925,0.762935330617295,0.0021683688172014584,0.0744981,0.00020278,13.224,0.00742929
22.975,0.774245400492271,0.002149013739699191,0.0742288,0.000203028,13.0018,0.00775267
23.025,0.7878079667518844,0.002320502211517871,0.0742451,0.000208925,12.8015,0.00790702
23.075,0.7965244932544079,0.00233748582275603,0.0737477,0.000207082,12.5921,0.00771353
23.125,0.812551057906606,0.0022774879906516114,0.0739038,0.000204036,12.3902,0.00789659
23.175,0.8259655727606564,0.002336335780587817,0.0735765,0.000201335,12.1652,0.00807139
23.225,0.834301395648875,0.0025459845021903677,0.0729692,0.000217112,11.9643,0.00887253
23.275,0.8509175221482259,0.002438990923920084,0.0730314,0.00020393,11.7544,0.00867932
23.325,0.8586188390126028,0.002679783316192858,0.0722018,0.000211945,11.5418,0.00782573
23.375,0.8709203245498313,0.002638974003759448,0.0717099,0.000212471,11.3408,0.0080527
23.425,0.8884934976351432,0.002600192466827232,0.0715915,0.000200538,11.1237,0.0085651
23.475,0.9053079072669447,0.002660404444714697,0.0713487,0.000200541,10.9103,0.00876968
23.525,0.9132313012396662,0.002778501878402208,0.0704886,0.000202842,10.7052,0.0084507
23.575000000000003,0.9246180405925228,0.0027326852559306485,0.0698536,0.000194248,10.5128,0.00806056
23.625,0.9354892438010084,0.002743604047090922,0.0691391,0.00019312,10.3109,0.00864477
23.675,0.9508231393771794,0.0028836448141029538,0.0686471,0.000191431,10.1038,0.00940663
23.725,0.9575753409808934,0.002964332830134806,0.0676265,0.00019901,9.89232,0.00871806
23.775,0.9681372225027561,0.00288610352494534,0.0668284,0.000195697,9.70538,0.00834188
23.825,0.9716719498105736,0.003056732769856734,0.0657254,0.00020396,9.52516,0.00815766
23.875,0.976747998001306,0.0030328859184606885,0.064411,0.000195737,9.32455,0.00882924
23.924999999999997,0.9890494835385344,0.0032664898862383575,0.0637241,0.000204244,9.12412,0.00884425
23.975,0.9949583208855589,0.0031372621593826256,0.062726,0.000188715,8.95597,0.00839933
24.025,0.9977845164667533,0.002995820191567944,0.0613258,0.000180775,8.7508,0.00907106
24.075,1.0,0.003201188641284663,0.0601389,0.000182069,8.58082,0.00863087
24.125,0.9906859803250258,0.0031992322477111517,0.0583342,0.000178789,8.41673,0.00841456
24.175,0.9869291759088638,0.0031178039746514842,0.057007,0.000175502,8.25434,0.00892174
24.225,0.9775358429809092,0.0033284864123178767,0.0552442,0.000182242,8.10004,0.00889897
24.275,0.9738266265165354,0.003130309030871362,0.0538723,0.000172237,7.92831,0.00876309
24.325,0.9602693478071207,0.0031672161312581463,0.0519696,0.000162775,7.77122,0.00860962
24.375,0.948602368293734,0.0031529926212236978,0.0502436,0.000166635,7.60978,0.00877026
24.425,0.9305744658913355,0.0030488278823097075,0.0484582,0.000153316,7.4796,0.00907756
24.475,0.9135062538499975,0.003094036436508419,0.0466097,0.000156367,7.33131,0.00828464
24.525,0.8967315008446861,0.002898820083173165,0.0447063,0.000146213,7.16405,0.00867552
24.575,0.8665422329853244,0.003008510312044775,0.0425664,0.000142434,7.06338,0.00895533
24.625,0.8427086004647757,0.002974669990773225,0.040676,0.000139205,6.93493,0.00953809
24.675,0.8142113486689915,0.003030109954606382,0.0385458,0.000138866,6.80664,0.00924357
24.725,0.7832474547055231,0.0028541402839943214,0.0365635,0.000130805,6.7045,0.00947467
24.775,0.7565982017041775,0.002772262569167766,0.0347514,0.000129878,6.58374,0.00936717
24.825000000000003,0.7213593234050766,0.0027567964848366276,0.0325731,0.000123609,6.46988,0.00983977
24.875,0.6864588483186912,0.0026973115451014813,0.0305622,0.00012106,6.37766,0.0101963
24.925,0.6553812720259512,0.0026738612599703365,0.0288016,0.000115372,6.2835,0.0100997
24.975,0.6200789431244662,0.0025586719788920995,0.0269256,0.000109605,6.1976,0.00971902
25.025,0.5850489230582133,0.002438478031550812,0.0251062,9.91495e-05,6.12878,0.00992987
25.075000000000003,0.5423836805050668,0.002260784619573982,0.0230295,9.59533e-05,6.04171,0.0104302
25.125,0.5041679114441093,0.002268581112341935,0.0212502,9.38186e-05,5.99228,0.0107959
25.175,0.4724875544287198,0.002204868776222944,0.0197618,9.20327e-05,5.92815,0.0117184
25.225,0.43729626408140715,0.0020229162425610776,0.0181583,8.23504e-05,5.87238,0.0118117
25.275,0.4040137793558178,0.0020103530232890147,0.0167326,8.0126e-05,5.85339,0.0122124
25.325,0.37411797053248275,0.0018579155948361785,0.0154885,7.48127e-05,5.81452,0.0126831
25.375,0.3430483255650408,0.0017393211314299915,0.0141112,6.88364e-05,5.77593,0.0129261
25.425,0.3049647452590503,0.0017836413771953248,0.0126684,6.71472e-05,5.81142,0.0148678
25.475,0.2783022733822079,0.0015885096246632492,0.0115714,6.37079e-05,5.7728,0.0142523
25.525,0.25041917054200036,0.0015606865355177965,0.0104611,6.03835e-05,5.7859,0.0172233
25.575000000000003,0.2256676193069608,0.001476307809447266,0.00956269,5.78284e-05,5.81625,0.0172923
25.625,0.20202222357348507,0.0013412109018709996,0.00863504,5.18868e-05,5.85839,0.0197772
25.674999999999997,0.18073824775873967,0.0012998146713655361,0.00783139,4.96891e-05,5.912,0.0206073
25.725,0.15992327764661715,0.0011277577879004988,0.00712132,4.4821e-05,6.00733,0.0215757
25.775,0.14355857415921341,0.0011212964015577124,0.00647039,4.13831e-05,6.04873,0.0241958
25.825,0.1265847448889218,0.0010102472722850412,0.00591062,4.3076e-05,6.16596,0.0239831
25.875,0.11039056489542548,0.0009406631116704164,0.00533034,3.8138e-05,6.31184,0.0260934
25.925,0.09858848847446246,0.0009280100040449759,0.00491527,3.76868e-05,6.42643,0.0294912
25.975,0.0857080161904787,0.0008448077578936514,0.00446924,3.61431e-05,6.61665,0.0321851
26.025,0.07506682141563582,0.0007509854671682789,0.00408146,3.24039e-05,6.82009,0.0355107
26.075,0.06649358752349656,0.0007209680446903742,0.00380503,3.18253e-05,7.02464,0.0376136
26.125,0.05826748130190061,0.0006730178957136474,0.00353404,2.95869e-05,7.27155,0.0423897
26.174999999999997,0.051555993834716464,0.000600208329477828,0.00329294,2.78419e-05,7.4463,0.0456964
26.225,0.04535105367656584,0.0005562000491742167,0.0030862,2.74366e-05,7.65947,0.0448419
26.275,0.039777447012137576,0.00048667669538687684,0.00290519,2.61413e-05,7.93247,0.0483835
26.325000000000003,0.03595349070845241,0.00046718678535454346,0.00280436,2.65473e-05,8.15831,0.0526348
26.375,0.03211790179433016,0.0004275142962138497,0.00269368,2.53446e-05,8.34563,0.0516332
26.425,0.02932343151432794,0.00041550098216244937,0.00257425,2.48472e-05,8.45669,0.0538833
26.475,0.02639238381269382,0.0003704087540681089,0.00246683,2.28475e-05,8.60748,0.0567227
26.525,0.023818589440233497,0.000331481809505429,0.00236305,2.22717e-05,8.78196,0.0592394
26.575,0.021742697232231847,0.000337588929984904,0.00230677,2.38501e-05,8.93402,0.0641195
26.625,0.020012478618468884,0.00029943132397613196,0.00223706,2.33407e-05,9.03875,0.0617587
26.675,0.018676314683262526,0.00028631819948340633,0.00216401,2.26701e-05,9.19177,0.0617264
26.725,0.017766565233828687,0.0002780035267959825,0.00213813,2.18241e-05,9.22122,0.0604252
26.775,0.01690823721007701,0.00026031852202396843,0.00209297,2.2864e-05,9.26225,0.0605864
26.825000000000003,0.015859213688409955,0.0002603690181283659,0.00202966,2.14009e-05,9.2716,0.0609581
26.875,0.015149571576245153,0.00024979418210851643,0.00200962,2.12776e-05,9.28004,0.0635598
26.924999999999997,0.01447432497812276,0.0002343603518335902,0.00197025,2.17368e-05,9.30929,0.0612699
26.975,0.013890077118919647,0.00023338189066932454,0.0019386,2.20654e-05,9.32139,0.0661326
27.025,0.013167506946519074,0.00022934352420508292,0.0018937,2.05505e-05,9.34405,0.0707306
27.075,0.012323481746054826,0.00021419495726337552,0.00184481,2.058e-05,9.4198,0.070758
27.125,0.01206571367386919,0.00022419001340393975,0.00180455,2.03513e-05,9.36138,0.0678839
27.175,0.011831845328581588,0.00021824654260311385,0.00177496,1.92463e-05,9.29461,0.0675682
27.225,0.011249500987450001,0.00020232943024002834,0.0017925,2.07046e-05,9.30414,0.0696295
27.275,0.011261133597887094,0.00020715246915375404,0.00176496,1.93676e-05,9.13143,0.0688918
27.325,0.010967013618085537,0.00019119305638907907,0.00172142,1.99485e-05,9.04945,0.0703878
27.375,0.010497981477711655,0.00019714234349512354,0.00171655,2.05228e-05,9.07868,0.0716011
27.424999999999997,0.010378456405470499,0.0002035233590748902,0.00169116,1.9852e-05,9.04728,0.0718708
27.475,0.009793811980002487,0.00019503816289355896,0.00165048,1.99313e-05,9.07665,0.0729848
27.525,0.00960139802827253,0.00018919277614891855,0.001663,2.04668e-05,9.02299,0.0741878
27.575000000000003,0.009365388225154462,0.00018476709663262366,0.0016536,2.04565e-05,9.02119,0.0774605
27.625,0.009080759397959534,0.00018959039992385928,0.00163034,2.06741e-05,9.02106,0.0728345
27.675,0.00886042718118055,0.00018254976245680733,0.00161892,1.96132e-05,8.9577,0.070042
27.725,0.00865162182383469,0.00017439107250024455,0.00161375,1.92615e-05,8.95535,0.0751764
27.775,0.008175557241696564,0.0001672095218203978,0.00160732,2.07778e-05,8.93832,0.075347
27.825,0.007745150655524036,0.0001571777172059527,0.00155214,1.81198e-05,8.91013,0.0749204
27.875,0.007723418824207462,0.00016410546547626287,0.00155986,1.9287e-05,8.79497,0.0815596
27.925,0.00742483086448802,0.00016355556025560017,0.00151856,1.96047e-05,8.72063,0.0850403
27.975,0.0071839565151871655,0.00014985604644584093,0.00153152,1.90064e-05,8.72812,0.0866998
28.025,0.007095046358596367,0.0001591185125063781,0.00151666,1.87469e-05,8.7417,0.088699
28.075000000000003,0.006750298085642451,0.00014960171528128444,0.00145667,1.736e-05,8.67482,0.0861235
28.125,0.006750218772389471,0.00014932385451834381,0.00145974,1.84635e-05,8.57996,0.0828721
28.174999999999997,0.006499588892972052,0.00015277318789045255,0.00146098,1.92479e-05,8.59868,0.0870741
28.225,0.00646199441105944,0.00015170589588284902,0.00145239,1.85762e-05,8.44931,0.0821371
28.275,0.006154787744516149,0.00014491562391770457,0.00140252,1.86686e-05,8.43088,0.0842367
28.325,0.006062810808810116,0.0001458266688169371,0.00141879,1.79673e-05,8.45584,0.0965471
28.375,0.005831242547858938,0.00014417721753245895,0.00137208,1.76931e-05,8.35799,0.0989048
28.425,0.005475469732740775,0.00013778827062739426,0.00138521,1.83083e-05,8.25664,0.091275
28.475,0.005336142785005564,0.00013316192858105945,0.00137343,1.9281e-05,8.17048,0.0899181
28.525,0.0051831475200067685,0.0001338101822354176,0.00137386,1.92047e-05,8.18513,0.105472
28.575,0.005053391038131168,0.00012984822087154692,0.00134079,1.87766e-05,8.13684,0.101619
28.625,0.004894447279158857,0.00013332108384203972,0.0013211,1.8002e-05,8.06583,0.0969441
28.674999999999997,0.004548086303394342,0.00012425240649628419,0.00130673,1.85202e-05,8.07604,0.100387
28.725,0.004526856789346645,0.00012633808067215337,0.001288,1.8546e-05,8.05601,0.119743
28.775,0.004205611677025859,0.000120316354128387,0.00128063,1.75346e-05,8.12216,0.109162
28.825000000000003,0.003958973898008445,0.0001106575861804588,0.00127352,1.8685e-05,8.09421,0.11398
28.875,0.004051453150983352,0.0001252895594677552,0.00127587,1.93588e-05,7.93963,0.118309
28.925,0.003899251018514357,0.00011633244943119179,0.00126709,1.79989e-05,7.91556,0.121144
28.975,0.0037169627254148743,0.00010858936092024523,0.00125632,1.76209e-05,7.9003,0.123096
29.025,0.003426596906254379,0.0001048185444960568,0.00124593,1.70782e-05,7.90049,0.118857
29.075,0.0033887644845828255,0.00010178031815189546,0.00120494,1.8227e-05,7.96946,0.129075
29.125,0.0032964438581138777,9.975227827319186e-05,0.0011897,1.69152e-05,7.77633,0.133455
29.175,0.0031390863642011702,9.964256160656925e-05,0.00119402,1.8771e-05,7.78401,0.127288
29.225,0.0029969041393586734,9.623420674850032e-05,0.00116677,1.68526e-05,7.76764,0.127957
29.275,0.002990664830124231,9.209511245297384e-05,0.00116546,1.71178e-05,7.75958,0.150003
29.325000000000003,0.003138425420426335,0.00010180966405549813,0.00118794,1.76983e-05,7.54007,0.156347
29.375,0.002899322400442039,9.620961964007646e-05,0.00115397,1.71518e-05,7.61563,0.134882
29.424999999999997,0.0029352777417930615,9.774433108524324e-05,0.00114946,1.77853e-05,7.43059,0.141774
29.475,0.0028523425169267704,9.764968393668688e-05,0.00117427,1.88438e-05,7.26105,0.139727
29.525,0.002653847882468334,8.815112875977867e-05,0.00115391,1.83151e-05,7.17847,0.137508
29.575,0.0025691624784862804,8.446226936366978e-05,0.00113619,1.74026e-05,6.97735,0.146242
29.625,0.002467044021499179,8.797584647069243e-05,0.0011507,1.86301e-05,6.59592,0.151929
29.675,0.0023440133034763,8.881630257477257e-05,0.00115198,1.77329e-05,6.56866,0.1565
29.725,0.0023038807974683213,9.787493357515062e-05,0.0011053,1.80011e-05,6.67228,0.148591
29.775,0.0021384968023540176,8.228326992679387e-05,0.00109448,1.69475e-05,6.79332,0.167363
29.825,0.002061092354995545,8.571198185312773e-05,0.00110225,1.64737e-05,6.55328,0.176271
29.875,0.0020219486208747192,7.945786747812938e-05,0.00108615,1.76794e-05,6.3408,0.169584
29.924999999999997,0.002002389972689803,7.93780254701293e-05,0.00110404,1.72654e-05,6.24331,0.17657
29.975,0.0018941220948216378,8.553009012629314e-05,0.00109624,1.80135e-05,6.13805,0.175096
30.025,0.0017308425446864086,7.942323402432802e-05,0.00107115,1.65963e-05,6.11888,0.191839
30.075000000000003,0.0016244808286648672,7.19207290474214e-05,0.00105795,1.69012e-05,6.25137,0.196532
30.125,0.0014798319616546858,6.442774166087239e-05,0.00105411,1.72693e-05,6.22944,0.203562
30.175,0.001415802372523774,6.617342635896649e-05,0.00104114,1.70282e-05,6.01106,0.207091
30.225,0.0014338593564522653,7.114478105576514e-05,0.00104021,1.69268e-05,5.91691,0.233774
30.275,0.0013261572464553584,7.22498790472892e-05,0.00104404,1.63974e-05,5.85058,0.237467
30.325,0.0013127057187499174,7.093142840524843e-05,0.00101569,1.69187e-05,5.65221,0.224713
30.375,0.001306535147668058,7.771350466758494e-05,0.00102976,1.67623e-05,5.47325,0.220353
30.425,0.0011791924324581556,5.776727905310551e-05,0.00103272,1.73619e-05,5.39358,0.219752
30.475,0.0011909096436984298,6.308602579795742e-05,0.00102279,1.65541e-05,5.36436,0.225572
30.525,0.001136159705166201,6.495834732330991e-05,0.00102017,1.58697e-05,5.09932,0.233109
30.575000000000003,0.0010549429341144805,6.123591198343939e-05,0.000996128,1.61573e-05,5.01324,0.213652
30.625,0.0009472038112661832,5.3880665279566e-05,0.00100353,1.52097e-05,4.81498,0.213552
30.674999999999997,0.0009638992510185144,6.432939322717695e-05,0.00096855,1.5695e-05,4.64688,0.217491
30.725,0.0009475660084547928,6.562193487324421e-05,0.000995682,1.5962e-05,4.47755,0.219455
30.775,0.0008514119080918025,5.2204776244094465e-05,0.000972862,1.58121e-05,4.40947,0.225665
30.825,0.0009067514084711842,5.9680579092497755e-05,0.000977362,1.69415e-05,4.19427,0.225499
30.875,0.0008434488574925908,5.476923809045412e-05,0.000987443,1.62935e-05,4.17602,0.227722
30.925,0.0007791945474782351,5.5974535158243156e-05,0.000964083,1.57327e-05,3.90084,0.211625
30.975,0.000761978284031334,6.507070776503186e-05,0.000962771,1.70882e-05,3.68975,0.206012
31.025,0.0006471379812662097,4.859813825357504e-05,0.000950974,1.63492e-05,3.71375,0.231859
31.075,0.0006197749089880422,4.533148974083073e-05,0.000977529,1.70477e-05,3.52184,0.237659
31.125,0.0006223261519589052,5.148884194719323e-05,0.000959424,1.61569e-05,3.44494,0.248359
31.175,0.0005467036090173881,4.5306373877387e-05,0.000969675,1.7229e-05,3.58691,0.255161
31.225,0.0005537942138338177,4.453677094596917e-05,0.000963738,1.6124e-05,3.45123,0.255417
31.275,0.0005055955499977528,3.950355191184596e-05,0.00094443,1.56847e-05,3.14371,0.24983
31.325,0.0005825822808905292,6.198489346908236e-05,0.000951545,1.62978e-05,2.90143,0.242394
31.375,0.000542190684922815,5.2754417087247223e-05,0.000981066,1.71643e-05,2.76005,0.238925
31.425,0.0004524213014247304,3.808569532607e-05,0.000944681,1.5792e-05,2.74602,0.24737
31.475,0.00038801629622971234,3.321401095051646e-05,0.000951355,1.6239e-05,2.69025,0.242355
31.525000000000002,0.00047555697731905346,5.903338294817936e-05,0.000934189,1.7067e-05,2.10133,0.192305
31.575,0.0003404917950439792,3.343397303878154e-05,0.000921346,1.61614e-05,2.0488,0.218744
31.625,0.00038600702715421405,4.3523411950392204e-05,0.000920745,1.61872e-05,2.11539,0.222338
31.675,0.00034811908620557467,3.962463681139573e-05,0.000919307,1.74268e-05,2.09111,0.219582
31.725,0.00037784569342255193,5.677824278844247e-05,0.000891653,1.54717e-05,1.98614,0.209172
31.775,0.0002849222862309549,3.357779440418562e-05,0.000899101,1.47859e-05,1.97039,0.205515
31.825000000000003,0.00035528900427498434,4.201725327629829e-05,0.000912059,1.44765e-05,1.87634,0.203217
31.875,0.0003147705071025018,3.723889416175145e-05,0.00090231,1.5412e-05,1.64117,0.187366
31.924999999999997,0.0003033784801994464,3.865331383989827e-05,0.000907558,1.5788e-05,1.63641,0.189381
31.975,0.0002759387384433981,4.180733753341071e-05,0.000901499,1.60049e-05,1.55748,0.193033
