x_mm,dose_Gy
0.0,0.05193767209858867
0.074,0.05216378066051802
0.148,0.05253206596239089
0.22199999999999998,0.052912949158758694
0.296,0.053199939029904456
0.37,0.05338247809410228
0.44399999999999995,0.05359270157804882
0.518,0.05410410733107467
0.592,0.05529744358993698
0.6659999999999999,0.05763478983758675
0.74,0.06168369838604997
0.814,0.0681963518160477
0.8879999999999999,0.07819198819849767
0.962,0.09296045926940515
1.036,0.11393123333713873
1.1099999999999999,0.14241783168141375
1.184,0.17931979101130902
1.258,0.22489711121667819
1.3319999999999999,0.2787013588148429
1.406,0.33969293262146993
1.48,0.4065159491366558
1.5539999999999998,0.47788133164370805
1.628,0.552985236460346
1.702,0.6318581303456702
1.7759999999999998,0.7155003264623069
1.8499999999999999,0.805700357998091
1.924,0.9045379677378604
1.998,1.013725334153966
2.072,1.1340266945094448
2.146,1.2649452714790757
2.2199999999999998,1.40476259369104
2.294,1.5508824373357806
2.368,1.7003535136314958
2.4419999999999997,1.8504164530092249
2.516,1.9989272768829163
2.59,2.144537044611315
2.6639999999999997,2.286618335294222
2.738,2.4250072089078683
2.812,2.5597061129296144
2.8859999999999997,2.6906611014648805
2.96,2.8176981276955892
3.034,2.940600122404764
3.1079999999999997,3.0592631012486176
3.182,3.1738144727422433
3.256,3.2846068058314724
3.3299999999999996,3.3920542068299278
3.404,3.496394897723802
3.4779999999999998,3.597507572055939
3.5519999999999996,3.6949002163851405
3.626,3.787906264337289
3.6999999999999997,3.876029087730425
3.774,3.9592926255113086
3.848,4.03842993880147
3.9219999999999997,4.114761643559468
3.996,4.189744017577846
4.069999999999999,4.264345323316119
4.144,4.338546115312267
4.218,4.411258452154884
4.292,4.480783495878972
4.366,4.545650694645844
4.4399999999999995,4.605425103609662
4.513999999999999,4.661017178547238
4.588,4.71429890987849
4.662,4.767187690782757
4.736,4.820701192953163
4.81,4.874451269919551
4.8839999999999995,4.926808727142911
4.958,4.97555205926699
5.032,5.018627002463245
5.106,5.054673211349815
5.18,5.0832281509836195
5.254,5.1047132154917305
5.327999999999999,5.1203603857959665
5.402,5.132114384399036
5.476,5.142427236392345
5.55,5.153848801516366
5.624,5.168461827654931
5.6979999999999995,5.187339712425704
5.771999999999999,5.210279485038758
5.846,5.235949750202992
5.92,5.262418461163011
5.994,5.2878717217889895
6.068,5.311249681083819
6.1419999999999995,5.332579795766735
6.215999999999999,5.35289471627017
6.29,5.3737999567378045
6.364,5.396852421097024
6.438,5.42297731681227
6.512,5.452127005381797
6.585999999999999,5.483272635212839
6.659999999999999,5.5147529070383845
6.734,5.544814801434294
6.808,5.572147986502046
6.882,5.596185333519354
6.9559999999999995,5.617111346966128
7.029999999999999,5.635679060441573
7.103999999999999,5.653000628510851
7.178,5.670391364367356
7.252,5.689198086083687
7.326,5.710497398509503
7.3999999999999995,5.734664644791392
7.473999999999999,5.761011356476037
7.548,5.78778011004847
7.622,5.812637741764363
7.696,5.833547036217662
7.77,5.8496045816478945
7.843999999999999,5.8614074636366675
7.917999999999999,5.870744316404379
7.992,5.879766832644274
8.065999999999999,5.890068982820806
8.139999999999999,5.902137314780358
8.214,5.915416311000379
8.288,5.9288790303493375
8.362,5.941724787119771
8.436,5.953826068881382
8.51,5.965721254822841
8.584,5.978264914518152
8.658,5.992179165571307
8.732,6.007772388605302
8.806,6.024930399840312
8.879999999999999,6.043331308571907
8.953999999999999,6.062727363343748
9.027999999999999,6.083140824376796
9.102,6.104878560313115
9.176,6.128371392349114
9.25,6.15392391784099
9.324,6.181496219310278
9.398,6.210605778957091
9.472,6.24037712347375
9.546,6.2697011654238155
9.62,6.297461739842405
9.693999999999999,6.322792869711235
9.767999999999999,6.345300032078766
9.841999999999999,6.365163350459679
9.916,6.3830707303552225
9.99,6.399959150884406
10.064,6.416677021727834
10.138,6.433721148365467
10.212,6.451172602803724
10.286,6.468804632987515
10.36,6.486225690669648
10.434,6.502911791324591
10.508,6.518128081464425
10.581999999999999,6.530907809850189
10.655999999999999,6.540239347212478
10.729999999999999,6.545466132262812
10.804,6.546717142787863
10.878,6.545114905565279
10.952,6.542619966571497
11.026,6.5415709265220965
11.1,6.544115837542002
11.174,6.551749650895507
11.248,6.565064869963764
11.322,6.583712813550605
11.395999999999999,6.606500895481637
11.469999999999999,6.631576304388351
11.543999999999999,6.65669964047092
11.617999999999999,6.679664000198756
11.692,6.69882293430543
11.766,6.7135732240924275
11.84,6.724569396672641
11.914,6.73348587192844
11.988,6.742380565102455
12.062,6.752924551942165
12.136,6.765837228016044
12.209999999999999,6.780741043112652
12.283999999999999,6.796427411280457
12.357999999999999,6.811360645914492
12.431999999999999,6.824219942339649
12.506,6.834333713429385
12.58,6.841919148012877
12.654,6.848054971371422
12.728,6.85437955591977
12.802,6.86258415025709
12.876,6.873828783228083
12.95,6.888289833271275
13.024,6.905026036732016
13.097999999999999,6.922262169704861
13.171999999999999,6.9379881911051395
13.245999999999999,6.950649742519304
13.319999999999999,6.959622464285447
13.394,6.965246054760518
13.468,6.9684119989659825
13.542,6.969963966780791
13.616,6.970261088675311
13.69,6.969178989754694
13.764,6.966542387972328
13.838,6.962705934736503
13.911999999999999,6.958915090206337
13.985999999999999,6.957198608703941
14.059999999999999,6.9597923259921926
14.133999999999999,6.96833286716087
14.207999999999998,6.983170576795694
14.282,7.003122418672028
14.356,7.025772682187744
14.43,7.048197228984875
14.504,7.067795747869906
14.578,7.0828890905353505
14.652,7.092866949103413
14.725999999999999,7.097968497742495
14.799999999999999,7.098910452837835
14.873999999999999,7.096626033177055
14.947999999999999,7.092157030890987
15.021999999999998,7.0866342385141845
15.096,7.08118805316404
15.17,7.076760679845736
15.244,7.07390198651318
15.318,7.072725291161485
15.392,7.0730948535691684
15.466,7.074957360670715
15.54,7.078579724165384
15.613999999999999,7.08451783609239
15.687999999999999,7.093284305649858
15.761999999999999,7.10488865543877
15.835999999999999,7.118528232727362
15.909999999999998,7.132661374247376
15.984,7.1454812688828735
16.058,7.155587831866508
16.131999999999998,7.162512751485979
16.206,7.1668353367275675
16.279999999999998,7.169830455766522
16.354,7.172860893372987
16.428,7.176833630648362
16.502,7.181969832340957
16.576,7.1878854326875805
16.65,7.193832749392607
16.724,7.198889413158836
16.798,7.202084338091854
16.872,7.202512856735355
16.945999999999998,7.199548232721527
17.02,7.193097337409586
17.093999999999998,7.183762453475841
17.168,7.172744970470035
17.242,7.161450077911267
17.316,7.150907038561631
17.39,7.141213922598501
17.464,7.131241966311248
17.538,7.118780650984266
17.612,7.101152368538867
17.686,7.076077509469031
17.759999999999998,7.042412320344587
17.834,7.00039651905386
17.907999999999998,6.951280053915833
17.982,6.896588899402086
18.055999999999997,6.837512860756905
18.13,6.774810854151052
18.204,6.709330711071884
18.278,6.6428742405805155
18.352,6.578998259953425
18.426,6.523339643451033
18.5,6.4831871379522275
18.573999999999998,6.466251663874153
18.648,6.478882965547738
18.721999999999998,6.524319009801152
18.796,6.601685258659663
18.869999999999997,6.706226299043133
18.944,6.830630119258704
19.018,6.966785755973537
19.092,7.107194333829784
19.166,7.245605694237427
19.24,7.376995543095283
19.314,7.497315987162953
19.387999999999998,7.603420034600202
19.462,7.693322239474502
19.535999999999998,7.766700389717595
19.61,7.825355591853903
19.683999999999997,7.873286692482526
19.758,7.916131248183013
19.832,7.959928166066065
19.906,8.009524780090699
19.98,8.067212165439184
20.054,8.13217475777043
20.128,8.201030472756122
20.201999999999998,8.26922695042128
20.276,8.332677377628901
20.349999999999998,8.388993319705714
20.424,8.437925594955926
20.497999999999998,8.481025242500019
20.572,8.520803965187467
20.645999999999997,8.559774756528212
20.72,8.599704754554326
20.794,8.641316250229833
20.868,8.68446855249173
20.942,8.728673178544128
21.016,8.773619227025604
21.09,8.819429571776821
21.163999999999998,8.866550631926994
21.238,8.915432720857272
21.311999999999998,8.96628588344301
21.386,9.019100258807397
21.459999999999997,9.073843419483264
21.534,9.130622213489545
21.608,9.189601801204674
21.682,9.250702275124597
21.756,9.313251261433084
21.83,9.37584755881762
21.904,9.43652482272055
21.977999999999998,9.493128082732749
22.052,9.543692248101548
22.125999999999998,9.58671231572511
22.2,9.62132987473448
22.273999999999997,9.647553848333336
22.348,9.666544911163099
22.422,9.680833172224201
22.496,9.694185814163205
22.57,9.71092196074991
22.644,9.734781947253296
22.718,9.767790649331202
22.791999999999998,9.809662011191639
22.866,9.858111400575153
22.939999999999998,9.909956289763405
23.014,9.962510865109376
23.087999999999997,10.014655930857838
23.162,10.067129991037604
23.235999999999997,10.121979933885116
23.31,10.181497044938878
23.384,10.247113271493943
23.458,10.318685263316489
23.532,10.39442603302901
23.605999999999998,10.471489592866513
23.68,10.546988118393784
23.753999999999998,10.619105580197319
23.828,10.687880753121318
23.901999999999997,10.755326888331606
23.976,10.824749269751589
24.049999999999997,10.899501541414747
24.124,10.981715625583293
24.198,11.071550700880861
24.272,11.167201798720198
24.346,11.265548539814919
24.419999999999998,11.36308878070309
24.494,11.456818098543753
24.567999999999998,11.544892904483907
24.642,11.627031711502351
24.715999999999998,11.704519480265127
24.79,11.77975976518092
24.863999999999997,11.855399461868494
24.938,11.933366940650448
25.012,12.014285748589417
25.086,12.097577070178957
25.16,12.18215177147679
25.233999999999998,12.267246834803906
25.308,12.352868314476238
25.381999999999998,12.439570897614711
25.456,12.527821957493286
25.529999999999998,12.617467501121897
25.604,12.707745741791573
25.677999999999997,12.797847267272534
25.752,12.887627477242326
25.825999999999997,12.977994601996375
25.9,13.070707493409369
25.974,13.16776668854319
26.048,13.270766729493133
26.122,13.380506184900513
26.195999999999998,13.496916943233188
26.27,13.619232308648515
26.343999999999998,13.746268951247398
26.418,13.876708064500367
26.491999999999997,14.009278104570427
26.566,14.142874172254905
26.639999999999997,14.276598835976412
26.714,14.409853267772187
26.788,14.542502971438966
26.862,14.675095648955077
26.936,14.808998290145368
27.009999999999998,14.946297394171975
27.084,15.089428961413647
27.157999999999998,15.240655351062115
27.232,15.401593543598574
27.305999999999997,15.57297825045818
27.38,15.754689474516665
27.453999999999997,15.945868445545507
27.528,16.14498104718775
27.602,16.34979448786055
27.676,16.557401748584617
27.75,16.764494072229045
27.823999999999998,16.967875305246597
27.898,17.165050275147532
27.971999999999998,17.35463908169826
28.046,17.536418117740215
28.119999999999997,17.71095761714072
28.194,17.87899415581124
28.267999999999997,18.040700591267125
28.342,18.195064750467004
28.415999999999997,18.3394854629336
28.49,18.469652991108426
28.564,18.579666794616458
28.637999999999998,18.66238694418926
28.712,18.70999346857863
28.785999999999998,18.71480192536074
28.86,18.670299327400045
28.933999999999997,18.572114721276098
29.008,18.418504400267846
29.081999999999997,18.209986748742335
29.156,17.948217879071457
29.229999999999997,17.634687917695352
29.304,17.27005512655106
29.378,16.854520827013705
29.451999999999998,16.388981144587603
29.526,15.87610223517482
29.599999999999998,15.3204459291634
29.674,14.727478399719228
29.747999999999998,14.10218502698178
29.822,13.448429451634901
29.895999999999997,12.769664191892177
29.97,12.070576231847534
30.043999999999997,11.358441578320456
30.118,10.643112498530789
30.192,9.935469146253181
30.266,9.245245076413507
30.34,8.579519262865
30.413999999999998,7.9425663789480625
30.488,7.33674789204181
30.561999999999998,6.763571027220461
30.636,6.224150926604612
30.709999999999997,5.719043272220635
30.784,5.247957377271561
30.857999999999997,4.809847873810009
30.932,4.40345973896589
31.006,4.027944319617521
31.08,3.683122324064383
31.154,3.369209584282203
31.227999999999998,3.086217804296388
31.302,2.8333826355283085
31.375999999999998,2.6089268593129487
31.45,2.410252072931058
31.523999999999997,2.2344322962573924
31.598,2.078755016579167
31.671999999999997,1.9410511365660517
31.746,1.8197216484293206
31.819999999999997,1.7134917565229435
31.894,1.621084462759175
31.968,1.5409971336443058
32.042,1.4714797790752268
32.116,1.4106984696616203
32.19,1.3569506143464485
32.263999999999996,1.3088188879401865
32.338,1.265211382242471
32.412,1.2253001749140593
32.486,1.1884359373128002
32.559999999999995,1.1540854339583864
32.634,1.121816686632452
32.708,1.0913198801785233
32.782,1.0624514107091716
32.856,1.0352638946048016
32.93,1.0099872387970188
33.004,0.9869296460794351
33.077999999999996,0.9663184826397807
33.152,0.9481517570714235
33.226,0.9321535174363696
33.3,0.9178709196911462
33.373999999999995,0.9048615457667313
33.448,0.892864960880074
33.522,0.8818589843741874
33.596,0.8719892064603075
33.67,0.8634211304991621
33.744,0.8562054056153972
33.818,0.850221883181661
33.891999999999996,0.8452034178879922
33.966,0.8407990267815486
34.04,0.8366244565268006
34.114,0.8322794037241459
34.187999999999995,0.8273429690382578
34.262,0.8213730109787983
34.336,0.813921603487464
34.41,0.8045738880563781
34.484,0.7929966678936236
34.558,0.7789841912451889
34.632,0.7624756230480064
34.705999999999996,0.7435381803541455
34.78,0.7223271315229296
34.854,0.6990639124807819
34.928,0.6740672913901412
35.001999999999995,0.6478405455031526
35.076,0.6211575622495185
35.15,0.595067070063995
35.224,0.5707489434209214
35.297999999999995,0.5492131123747873
35.372,0.5309221091723068
35.446,0.5154734709357389
35.519999999999996,0.501494856871421
35.594,0.48682497794998153
35.668,0.4689556673815016
35.742,0.4456198610620058
35.815999999999995,0.41537477282621504
35.89,0.37803195636089765
35.964,0.33481996958879245
36.038,0.2882125227144845
36.111999999999995,0.24143369602572032
36.186,0.19775845690584942
36.26,0.15981015364179949
36.333999999999996,0.1290809124222502
36.408,0.10580907606867085
36.482,0.08920631233971484
36.556,0.07789540984658294
36.629999999999995,0.07037585667467496
36.704,0.06537510583028723
36.778,0.06202094124738509
36.852,0.05984038437018893
36.925999999999995,0.05863645792979019
37.0,0.05831332994928397
37.074,0.05872016201066927
37.147999999999996,0.059572303660239065
37.222,0.06047803683917208
37.296,0.061050921137410764
